post_id,subreddit,risk_tier,wc,suicidality_total,sent_compound,post_clean
p000,depression,high,178,1,0.0193,"Super-Mega Depresso rn Really depressed right now. I don’t want to exist anymore. I honestly don’t know how anyone in this world can be happy in life. Joy is an impossible concept that I cannot begin to understand. I’ve never been suicidal, I just don’t want to live, nor do I want to die. I wish I were in a coma or something so I can just dream and forget about this life. My only wish is that I wish I could be somebody else, literally anyone else right now. Don’t even know why I’m sharing this, I just can’t sleep because of how useless and pathetic I feel. I’m schizophrenic and, recently, can’t even manage to take care of myself. I’ll probably never have a job or a romantic relationship with someone else and I’ll probably end up on the streets after my mother passes away. Some how, if this were a competition of who can be more depressed, I’d probably lose because I’m pathetic and somehow manage to fail at everything. Hi, I’m super-duper mega depressed"
p001,depression,elevated,160,0,-0.9773,"Chronic pain? Check. Chronic Depression? Yep. Losing eyesight at 23? Affirmative. Possible narcotic addiction? You guessed it. I have had chronic headaches every single day all day for 6 1/2 years. Fuck it’s been that long already? August will be 7......the best neurologists in the world have said they can’t do anything beyond what they’ve done. They literally have nothing left. I’ve been on experimental drugs and have had nerves cut out of my head and still have pain. Morphine, ketamine, pills, weed, shrooms, the works. Nothing. And predictably it’s affecting my mood and relationships and is causing massive depression. On top of that my eye doctor said I have macular degeneration just like my grandfather. Fuck me. And now I’m beginning to think I’m hooked on oxy. I crave it all the time. I take a half every night before bed and on my days off I’ll just get high and do fuck all. I really hate my life."
p002,suicidewatch,high,237,1,-0.9761,"It’s an endless cycle and I’m exhausted. I don’t know that my diagnosis is completely accurate. And I don’t know that it really matters because there’s no stopping it anyway. Only failed attempts to cope. And I am so exhausted with this cycle of being okay and even excited about life to being entirely overwhelmed with anger and hopelessness every couple weeks. I can’t maintain any type of relationship, whether that be friendship or something more. People don’t want to be around me for very long which is why I’ve learned to keep so much of myself hidden, because what’s the point of getting to know people who leave. But when I do eventually meet someone I think I can trust, letting little bits of myself show through something happens. I get paranoid and insecure that this person knows too much of me and will hurt me with the information I shared. It always happens. And it’s happened again. I’m getting old and tired of being alone. I’m tired of pretending to be strong and content with how my life has turned out. I have days, like today, where I literally can’t even get out of bed. I can’t find the energy to even move because it all goes towards trying to not obsess over how I’ve fucked everything up. All of this disappointment and stress and madness. It’s too much. I want it to just end."
p003,suicidewatch,high,63,0,0.91,"Writing my notes tonight. That way I’m all prepped for tomorrow. I plan on spending the day with my mom, letting everyone know that I love them; and then tomorrow night I’m going to do it. I promised myself that I would wait until after Christmas and New Years, and now that those have passed, I feel like I’m finally free to go."
p004,anxiety,elevated,108,0,-0.9267,"Do Counselors help with Anxiety? So basically, I have been having panic attacks each day of this week and finally broke and went to the ER for fear of my life since I also have clotting issues. Really embarrassing and all once I figured out what it was and, long story short, it was anxiety issues and I had been prescribed Zoloft and another ""as needed"" medication. My doctor also made a referral for a counselor. I was wondering if the counselors help at all? My hesitation would just be the cost since the doctor and the medications and the ER trip is putting a toll on me.."
p005,suicidewatch,high,225,2,-0.912,"I feel unsatisfied everyday and I see no point in going on. I always feel dissatisfied with myself and everything at all times. I never smile or laugh genuinely anymore, and isn't the entire point of life having fun and accomplishing what you love?! How can I do that if I find no motivation to leave the house, to draw, heck, to play video games, eat, ANYTHING! I can't be happy for too long anymore and I don't know why. The only 2 things that keep me from living are 1. The things I enjoy in life and the possibilities I will enjoy in the long run 2. My friends But I seem to enjoy neither ideas anymore! I also find myself not enjoying my favorite music anymore, and I find myself crying as I listen to it, thinking about how we'll all die soon and the things I work hard all will just be for nothing! I don't *want* to live forever but I want to die knowing that my favorite things that I've worked ***SO*** hard on are safe and won't be destroyed by this unknown universe I'm in but I'm tortured by the fact that I can't, and that its out of my control! Please somebody help me! I don't *want* to be so careless but what other choice do I have?!"
p006,anxiety,elevated,186,0,-0.9909,"DAE have constant anxiety relating to death? Since I was a kid I've had really bad anxiety. I have general anxiety vs. social anxiety - I worry about death, my house catching fire in the night, usually catastrophic type events. They used to call me Grandma-hookedonfonicks when I was a kid because I was so anxious and worried all the time. I was diagnosed bipolar fairly recently but have had a GAD diagnosis since I was in High School. I've been through therapy, tried several medications (currently on gabapentin for the anxiety with klonopin as needed), DBT, CBT and anything else in order to lessen the anxiety. Recently it's gotten *much* worse. I am CONSTANTLY worried that everyone around me is going to die. It's to the point now where it's impacting my work day because I'm so anxious that it makes me cry. I try to change my thoughts and distract myself but nothing has been working and the anxiousness persists all day long. I'm just wondering if anyone else has experienced this kind of anxiety and what's helped you cope with it. Thanks guys!"
p007,depression,moderate,347,0,0.8324,"Life is beating me down and it’s killing my resolve I’m sure a lot of people here feel this way. I’m 21 right now, started getting depression around 16 and have been having anxiety for my entire life. I have a good life on paper. I go to college, work an easy and mostly fulfilling job, live in a beautiful area of the country, etc etc.. Despite all of this, I feel as though I have 500 things pushing me in every direction at any time. Relationships, living situations, finances, school, and my health are important to me. However it seems like when I focus on one aspect of my life, the rest suffer horribly. I know this is just part of life or whatever, but you’re supposed to be able to find a healthy balance right? I have found this balance before, but it doesn’t take long for something to throw it off kilter. I could give more examples, but one is that my car was parked in front of my house and hit on two separate occasions within 2 weeks of each other this winter, then I got the flu for the second time this winter right afterwards, causing me to miss a bunch of school. This doesn’t seem like much but little things like that happening to you over and over just feels like life hitting you with a constant boxing combo. I get that people are supposed to have trouble and turmoil as they grow up so that they can learn from it, but instead of that I’ve just turned into a big ball of anxiety that isn’t really that fun to hang out with. It’s gotten to the point of me just wanting to be done. I don’t want to seek out new friends or relationships, I don’t want to grow mentally... I just want to make it through. I’m afraid I’m going to look back at my early 20s and realize I literally imprisoned myself in my own mind due to anxiety, wasting some of the best years of my youth."
p008,lonely,moderate,338,0,0.9874,"Never getting attention (ramble) Hey. Im a here to talk about shit you don’t care about. So imma soft more in high school and for my whole life I’ve never gotten attention from anyone really. I had a girlfriend in kindergarten but come on. I have a few friends and when I’m with them, girls in the hall ways say hi or make a joke to them and even say hi to me the odd time but when I’m with myself, I will give a small smile or nod but I don’t even get a glance. I talk to like 2 girls online and at school they don’t even look at me. I’ve tried to be myself and I’ve even started some trends in my school but no one knows I did it. I even sat next to a super hot girl Is really nice and talks to everyone, and I tried to spark up a convo with her but she would respond in dead end ways like “yuh” or “cool” I’m not even a loser and looking at me you would think I could even be a semi popular guy. my friend always jokes about getting me payed and shit but I can’t think of a single girl who would even consider hugging me, no matter how intoxicated. I’ve talked to quite a few girls online and only one I thought could maybe turn into something but I think she noticed what I was doing and stopped without warning. The way my life is planned, won’t involve a family or wife so it bums me out that I won’t even get a chance at a relationship until that comes. Times running out and I don’t want to be Steve Carell in the 40 year old virgin. I feel at like I’m at a dead end at trying and don’t see a point and should face facts but if you could help me or got any suggestions I would like that very much, idk what to do differently"
p009,lonely,moderate,99,0,-0.1537,"How can you have so much and yet still be so lonely? I’m 18 I’ve been in a relationship for over 2 years, and have a great family. All that aside I’m terribly lonely I have no friends, and every time I get social with people they’ll never answer unless I reach out. I’m just so sick of always chasing people for friendships, and the past year I’ve had 0 friends. Everyone I talk to tells me I just have to be more outgoing, but that’s not working even at my 2 jobs, and the high school I attend."
p010,depression,elevated,142,0,-0.939,Just here to vent (on mobile so sorry for formating) Lately for the past few months I've been feeling depressed. I spend a lot of time in bed and generally just being at home not feeling like going out. I think I know why I am depressed but I feel like it isn't. The reason I think I am is because recently I broke up with a long term relationship about a year and a half ago and I guess it still bugs me. I've actually been starting to feel envious of other couples cause I know that feeling and miss it. The simple answer to this I think is to put myself out there again but I just don't think I want to drag another person into my life until I'm completely over whatever this is. I guess time will tell.
p011,anxiety,elevated,49,0,-0.742,anxiety at my birthday party i feel so uncomfortable. it’s my birthday party and i just finished opening my presents. i hate being the the center of attention. i feel like i seemed ungrateful and awkward. i’m extremely anxious and self conscious right now. just needed to vent somewhere
p012,depression,elevated,21,0,-0.8696,Emotionally bankrupt. Alread know im going to cry myself to sleep tonight. Don't want to be here anymore. Everyone hates me.
p013,depression,high,57,1,-0.9596,"I want to kill myself I hate myself I hate myself I hate myself I hate myself I hate myself. All I do is push people away. They try to care about me, but I say they don't because I don't fucking believe. Then they leave. I can't forgive myself for this. I want to fucking die."
p014,anxiety,moderate,189,0,0.922,"What do you do to stop worrying about things that are out with your control and will (most likely) not be a problem to worry about ? I have diagnosed Anxiety disorder. I am on medication for this but as I am sure most of you know - this does not take away all your anxiety. I catch myself getting so worked up about things that well are highly unlikely. For example if I am moaning/bitching about someone to another person - I was away CONVINCED that person was recording our conversation and will put it on the internet and show everyone! Or when I’m talking to friends about my partner that again they are recording the conversation and it will some how get out in to the public domain. Thoughts like these really trigger me and keep me away at night with the awful sinking feeling in my stomach and I was just wondering what you guys do when struggling with these thoughts ? Ps I have tried meditation, just telling myself “it’s ok nothing to worry about etc” but I don’t find these help like at all!"
p015,suicidewatch,high,32,0,-0.6031,Why does no one see me. Feels like I am completely invisible. No one sees me. No one cares. Seriously. What's the point. I'm so completely alone. Just can't deal with it.
p016,depression,moderate,106,0,-0.1326,"what should i do? Over the past year i have been a toxic person to some of my best friends. Largely due to me being involved in a head on car accident, my mother being diagnosed and treated of cancer, unhappy with living situation and job. I have recently got off my medication which i felt was just hindering me back and not letting me grow. I have been on this apology tour with my friends but it seems as if it backfired and that they dont want to talk to me anymore. What should i do? Everyone just seems so distant from me these days."
p017,depression,moderate,223,0,-0.08,"Only time i did not feel depressed yesterday As with many of us in this subreddit, I’ve been dealing with(or trying to deal with) depression for quite a while. From waking up, I knew it was going to be a shitty day with tons to do, no motivation to put in any effort, and just feeling the constant pressure on my chest. I had band practice at night, at least that was something I was looking forward to do. As anticipated, most of the day was shit, trying to force myself to do the things “i’m supposed to do”. At a certain time, I stopped studying and allocated two hours to get ready for the piece I will be playing for the rehearsal. An hour-hour and a half into playing, I’ve noticed that I do not feel shitty. Throughout the whole day, that was the only, and I repeat only, time that I did not feel that way. The reason why I’m writing is, do not overlook the positive change your hobbies can bring. It does not have to be music, it can be whatever you want. But hold on to them, especially when it becomes tempting to not touch that guitar and let it gather dust(happened many, many times). Things will get better, but we have to push through. Stay healthy all."
p018,depression,elevated,75,0,-0.9766,Why the fuck do my leg cuts hurt more than arm cuts I cut my thigh for the first time yesterday and the pain stayed for a while but I cut again today not even as bad as yesterday and they’ve been hurting for hours now. Is it bc it’s on top of fresh cuts? Bc my arm never hurt for this long it’s annoying as shit I can’t move w out it going crazy
p019,depression,moderate,53,0,0.6868,"When someone has depression in a relationship, where is the line drawn? Between the other partner supporting and asking them to change. What's the difference here, exactly? Is support going on indefinitely not knowing if or when it will get better? If they ask for improvement in the condition, is that being selfish?"
p020,depression,high,210,1,-0.9784,"I cant find joy in anything and I constantly feel painfully lonely and hopeless. I suffer from severe depression. Its often feels almost impossible to do the simplest of tasks, like putting away a shirt or brushing my teeth. Im an artist as a profession and music creator as a hobby, but recently find absolutely no joy in either of those things. I see many of my friends off and doing cool things with other people. But I just feel terribly alone. I find myself constantly frustrated at not being able to do things, especially the things I thought that I loved. I end up sucking hours away into shows and video games because they’re the only thing that can distract me from my terrible mind. My mom is very supportive but my Dad completely doesn’t understand mental illness and constantly attacks (verbally) me for not doing productive things or working hard. I could go on forever, lamenting about my problems but I’ll cut it here, haha. Any advice or ideas for helping this problem? Everything online seems so trivial or generalized. “Be happier by doing this”. “Have a positive attitude”. So I thought I’d make a simple post reaching out to fellow depressed souls who might actually understand, haha."
p021,anxiety,elevated,158,0,-0.9823,"Maybe A strange anxiety but does anyone get super anxious about Vomit? This anxiety/phobia is something that I have been dealing with for a really long time, I have no idea when it started or where it came from. But if someone around me is sick or feels sick it makes me super anxious and I start to get very panicky, not only that they will throw up but that it will get passed to me and then ill be sick and it will affect all the plans I have and it ends up being this really big spiral. It has caused panic attacks in the past and it always seems to take me a log time to calm down afterwards A lot of people that know about this (friends/family) think that it is really weird and don't understand why it makes me anxious just wondering if anyone else deals with this or has advice on how to?"
p022,suicidewatch,high,170,0,-0.9471,Please help me I can’t handle it anymore. I know I’m the problem. I’ve been sexually assisted since I was a little girl. My best friend I grew up in church w killed him self. My brother is an addict who destroyed my family. My two best friends killed them selves. My Ex was abusive and broke my emotional support dogs leg and I’m in $8000+ debt and she needs any other surgery. I am done being bullied for being raped and I kept being told I am straight up baggage and that’s why my friends left. My new boyfriend wishes I was happier and tells me he doesn’t have time for me. I’ve ruined my relationship w my parents and I am all alone. I’m ready to finally put an end to my misery. I’ve tried 5 different medications and countless doctors that made things worse. After my parents die and my brother dies from his addiction I’ll be more alone than ever. I’m ready to end it now.
p023,lonely,moderate,55,0,0.2144,"My friends are always here for the wrong reasons All of my friends have used me, whether for it be for attention or otherwise. I just want someone who genuinely enjoys ME, not my attention, not my looks, but everything about me. The thing is I stay with these people because i feat being alone."
p024,depression,elevated,116,0,-0.9761,"It's completely cruel and irresponsible to tell a depressed person that ""things will get better"" when you don't know that. Every time I've been suicidal and depressed in my life I've heard the same bullcrap from virtue signalling idiots **THINGS WILL GET BETTER** Guess what? It's been years now and things have not become better. They've become worse and worse. My mental health is 100 times worse now. My physical health has taken a toll. My relationship with my family and friends has become non-existent and my life has gotten nowhere. I wish I ended years ago. But no, someone talked me out of it. If you are this type of person, I fucking hate you."
p025,suicidewatch,high,284,1,-0.9691,"I feel like a burden. I'm not a good person. I never claimed to be. I've got anger problems. I've been physically abusive to friends and other members of my family, and I'm deeply sorry that I've been the kind of person that I am. But I just can't take this family. Ever since my mom died, her parents took me in and abused me, physically, emotionally, verbally, turned me into a bitch. All of the friends I've made have commented the same things 'you're always so defensive', 'you look like you're always ready for a fight', 'why are you always on edge'. Because I feel like I have to be. I know it's just getting on people's nerves, and I get that I need to be a better friend to people, and I'm TRYING to get over these anger problems but I feel like nobody fucking cares. Unless I'm at the brink of fucking offing myself, no one even PRETENDS to care about me. At this point I tell them I'm suicidal not because I want them to stop me, but because I just want them to fucking **SPEAK** to me. Because I want them to realize I'm hurting and I want them to HELP ME. And yet for all their talk of 'people will be sad' and 'this is selfish', I'm always pissing them off with my short fuse and my opinions and everything. I just want to die. I just want to finally have an end to the pain. Maybe people will care when I'm gone, I don't know, I don't care, but I'm worried about ME. The less problems everyone has to deal with involving me is just a bonus."
p026,anxiety,moderate,45,0,0.8779,New medication I am slowly getting off of zoloft now I am on lamoTRIgine. I feel great and mellow out. I love the genetic report helping me with a good treatment. If I get depressed the clinic has a list of meds I can take.
p027,lonely,moderate,77,0,-0.0176,"giving up feel like everything I do I fuck up and I cant do shit at all. I'm failing everything, I can't do anything no matter how many fucking times I try I cant do it. Honestly i feel like giving up on school cus even if I try I'll fail. Its what happened to me 4 years ago when I had my first major exam and I know its gonna happen again so what's the point?"
p028,suicidewatch,high,23,0,0.296,im such an unlikeable person I’m surprised I’ve made it this far tbh considering how I want to end myself more each day
p029,anxiety,elevated,97,0,-0.9854,"I’m paranoid about everything I get super anxious and freaked out everytime I hear a noise outside, whether it’s a dog, a car, a neighbor being loud, a plane, wind, rain, whatever. I just can’t help but be paranoid someone is out to hurt me and my family, or that something bad will happen and I’ll die. My brain immediately creates scenarios where I’m robbed, murdered or even worse. Does anyone else struggle with this? I find myself spending 45 on high alert because I heard a dog barking and this is just making my insomnia worse."
