post_id,source,risk_tier,word_count,source_file,post_clean
p001,suicidewatch,high,33,suicidewatch_post_features_tfidf_256.csv,"The end of this I actually cant wait for the apocalypse, something about it sounds.. peaceful. I used to be terrified of it but now i just want it to happen asap man."
p002,depression,elevated,276,depression_post_features_tfidf_256.csv,"Life is a game of chance, not of luck Is it really so terrible to want something in life? To have the knowledge that everything is going to be okay. I don't. Life doesn't teach us this, life teaches us struggle almost every day to either physically, mentally or emotionally get through each and every day until we run out. Let's be clear, I'm not talking about money, I'm not talking about job security, I'm not even talking about making sure you're safe. I'm talking about you. You ability to see things how they are and to stop overseeing how things might be. We spend every day thinking to ourselves how it would be better if our lives had turned out a different way, with different people in it and with different days. This is not the way things should be. Life is a test, and a cruel one at that. Whoever tells you that we fall so we can learn to get ourselves up clearly hasn't fallen hard enough. There comes a point where the fight to get back up is a lot harder than the fall itself, so we learn not to climb too high to avoid the risk all together. Say what you want but this is the general way of the world, the ""safe"" option, when in reality for some people this isn't safe at all. It's survival. The happiest man alive could have everything he ever wanted, could have done everything he ever wanted to do and could be loved and respected by everyone around him. This man would still no pain, sorrow, betrayal and rage, so wtf is the point?"
p003,suicidewatch,high,28,suicidewatch_post_features_tfidf_256.csv,Its happening all over again I dont even have motivation to type. Depressive and psychotic phase is starting again. I dont want to be back in this hell.
p004,suicidewatch,high,155,suicidewatch_post_features_tfidf_256.csv,"I need help and I’m not sure I’m going to make it that far Bad relationship. I accused her of cheating and she swore up and down she didn’t. She flipped it and made me the asshole out of this whole thing. The truth came out and she might not have cheated but she’s moved on quick. Days quick.. I’m not sure I’m going to make it through the night. I was in contact with the veterans crisis line earlier and they pretty much said wait for a VA consult. I don’t think I’ll Be here that long and I can’t afford therapy. I’ve done everything I can to make this woman happy, and she doesn’t care. I stood beside her through every insecurity she had and she does this. I can’t move on, I’ve been trying for 3 weeks. Alcohol is numbing the pain but it’s starting to wear off. I need help reddit"
p005,anxiety,elevated,119,anxiety_post_features_tfidf_256.csv,"Started a new job today I’ve been battling (mild) anxiety for a few years now, occasionally get panic attacks from stressful situations/the unknown. Mostly stemming from esteem issues. I started a new job today and at the end of it had a full blown panic Attack because I felt like an imposter and incompetent to deal with this new environment. I had to start my first day at home due to the covid-19 outbreak and all support and communications were remote. Everyone I met online told me things move really fast here and learning curve is steep and I got very overwhelmed and started crying, and haven’t stopped for an hour now. How do I stop feeling like this?"
p006,suicidewatch,high,61,suicidewatch_post_features_tfidf_256.csv,Isolating myself/getting ready Can't work any more due to anxiety. Slowly pushing people away. Two weeks ago I made the insane decision to deliberately cause a row with my bf so that we split up. He was the only person keeping me semi-sane. Just a couple of family members to go and then I can leave because no one will care.
p007,depression,elevated,112,depression_post_features_tfidf_256.csv,"This seems like a never ending journey I think my depression is kind of seasonal? Its comes for like a few months or so and goes away for another few months? Idk if this is a thing (its not bipolar i dont get manic episodes or anything). Even during those few months where i dont have depression, im always filled with a feeling of dread because i know itll come back. Its never ending. Everytime i think its ended, it hits me again and almost immediately. To me, life is always either 'the calm before the storm' and 'the storm'. Theres no one moment where im not expecting or experiencing the 'storm'"
p008,lonely,moderate,194,lonely_post_features_tfidf_256.csv,"I had a life I had a life full of friends and a girlfriend until one month ago I decided to move from Italy to Hatfield in England. This to pursue my career dreams. Everything took a turn for the worse, my career is not progressing in any possible direction. I work for Italians as well so the reasons that made me flee my country are the same I found here. My work is slow, and basically is home working so I have no chance of social interaction. Out of boredom today I ended what I had scheduled for the next week. I am also impressed by how shallow and alienated people are here, is basically impossible to approach them when they are sober. By the way if you are in Hertfordshire or in London hit me up. Yes I am that desperate, I also got abducted by two 18 gymbros last Saturday I got drunk with out of emulation spirit. Also cause I wanted to fit in. But fuck I am almost 9 year older than them... this is so wrong... I just hope someone reads this and asks me to catch out."
p009,depression,moderate,97,depression_post_features_tfidf_256.csv,"I'm living my life through others I'm really depressed lately. I'm lonely, alone in my apartment. I haven't talked to someone face to face in 4 weeks. And I'm really falling into twitch. I love watching streams. It makes me feel like I'm joking with friends in chat or I'm talking to a friend when the streamer responds. My rational brain knows no streamer is ever gonna be a real friend to me. But I can't stop. It's addicting. It's the human connection I'm missing so much. I think twitch is the only thing keeping me alive."
p010,depression,moderate,97,depression_post_features_tfidf_256.csv,"episode im going through an episode and i don’t really know what to do. i just sit on the couch all day. i don’t even do anything, just sit. i have absolutely no motivation for anything. i’m young. really young. young enough that even though i’ve gotten a diagnosis my parents refuse to act. they took me out of therapy and refused me medication because they’re certain it’s just hormones. i’m pretty good at hiding episodes from my friends. i don’t talk about my issues, so i just don’t really have anyone to go to right now."
p011,depression,elevated,18,depression_post_features_tfidf_256.csv,Why? why am i so fucking pathetic and worthles. i dont know why I live. I have nothing
p012,lonely,elevated,95,lonely_post_features_tfidf_256.csv,Every time I feel alone I breakdown hysterically crying I’m not sure why I’ve never been able to be okay with being alone and not having anyone to talk to. I don’t really have friends so whenever I am finally talking to someone and we stop for whatever reason I always act like we’ve been married for 20 years and had a sudden divorce. When in reality I’ve known them for a few months and should not be so upset over not talking anymore that I cry myself to sleep. Anyone else get like this?
p013,depression,elevated,69,depression_post_features_tfidf_256.csv,what can I do I get so angry over the littlest fucking things and I have no control over it. I just want to fucking play video games and I can’t even do that because it makes me too mad. I got the angry genes from my parents who are just as bad for it. If I can’t put a stop to this soon I’m just gonna off myself.
p014,suicidewatch,high,161,suicidewatch_post_features_tfidf_256.csv,"Did anybody else experience this because I don't know what to do anymore and nothing helps Tl;dr: I nearly died and think I did and don't know what to do. So last summer I was doing pretty good. I was clean and sorta sober for a few weeks and I was not feeling as suicidal for once. And then I nearly died, which I don't want to get into too much detail about tbh. The week after, I was convinced that I had actually died. That my live wasn't real. I ignored these feelings but they have become stronger again. I don't really know how to deal with that because it makes everything I do insignificant since I do not really exist. Maybe none of you exist? There's this one part of my brain that says that I survived but this other part is determined to convince me that I didn't. It's so weird and I am really torn between them."
p015,depression,moderate,18,depression_post_features_tfidf_256.csv,Please don’t leave me alone I’m 19. I’m a sad normal person I’m lonely Plz be my friend
p016,suicidewatch,high,178,suicidewatch_post_features_tfidf_256.csv,"I feel worthless and nothing will ever change, how can i make sure i don't kill myself? I feel alone, worthless, fat, born in the wrong body in wrong place. I have tried to make relationships, but no one has ever been excited by me, the couple people i dated ran away when i showed my real tired, depressed self and i don't blame them. I'm alone, i know understand that i will always be alone and i don't want to live like that. I'm overweight I'm insecure, i'm not that smart and I don't think i will ever be anything but below average. In the news you hear about those people who die alone in appartements and no one finds out about them until months later. I feel like sooner or later i'll end up like that. I have no friends, no goals, nothing to aspire to be or to do. I'm so tired. I'm so alone, and I hate myself so much. I don't want to kill myself, but I don't want to continue living either."
p017,lonely,moderate,132,lonely_post_features_tfidf_256.csv,"I dont like anyone Everyone i know is so shallow, like the only things they talk about are memes and grades and thats it. I feel so lonely that i have no one to cry with or celebrate with. I dont even know my friends well: we just make jokes, reiterate the same memes for months and laugh a very shallow and unhappy laugh. I occassionally try to ask sensitive/personal questions but they just shut me out. When im in bed i imagine hugging someone and kissing their face, i sometimes cry after (either because im overwhelmed by feelings stirred from my imagination or i realise how pathetic i am that i find solace and 'love' merely from thinking about people showing me affection, i dont know), and then i fall asleep."
p018,lonely,moderate,164,lonely_post_features_tfidf_256.csv,"Loneliness is not just a problem within adults 16f. I feel like i have nothing in common with anyone my age in my town. I only have two friends that i text and see outside of school, one of which is my boyfriend and the other has been my friend since early childhood. I am so lonely as i talk to people in school but i don't feel a connection with them and i know that when i leave school we will never talk again. I have had friends give up on me and abandon me and i have no clue what i have done wrong. I see close friend groups that go out every weekend and i want to have that so badly, to be part of a loving group. Perhaps i am too picky with friends as i have distanced myself from friends that like me but i do not feel the similar connection with them. It's making me feel really sad."
p019,anxiety,elevated,167,anxiety_post_features_tfidf_256.csv,"I need a new job but I’m terrified I’ve been a very anxious person since middle school, but lately I have noticed a huge increase in my symptoms. I feel like I’m barely functioning and am stressed and anxious all the time. The really big piece of stress in my life is my job. I’m constantly on edge and having trouble sleeping some nights. I’ve even stayed up late searching for jobs online and end up having an anxiety attack. I’ve found a couple of jobs I want to apply for, but I’m so scared. I know that’s irrational and I should want to make a change....but I’m afraid of making a fool of myself in an interview, upsetting people at my current job, or making a mistake and ending up in a job that’s more stressful or I don’t enjoy. I feel crazy tbh. Ugh please tell me I’m being dramatic and it will be ok. Also any advice about writing cover letters/interviewing is also appreciated."
p020,depression,moderate,33,depression_post_features_tfidf_256.csv,i just woke up and i have no energy to get out of bed. i can’t seem to actually move and i feel like absolute shit. i just wanna fucking end it all
p021,depression,high,55,depression_post_features_tfidf_256.csv,i feel so lonely everyday i feel so lonely i just want to love someone who loves me back i cry almost everyday i need a girlfriend so badly i dont know how much more of this loneliness i can take without killing myself but i think if things dont change i dont gonna survive
p022,depression,elevated,101,depression_post_features_tfidf_256.csv,"I hate myself I actively struggling with this feeling on the daily, but today is especially bad. Today, I don't know what about myself I hate more.... the outside or the inside. Because I am feeling so pathetic, I feel completely vulnerable to manipulation of the outside world. I feel like the world is out to get me, and no one has my best interest. I want to forever isolate myself. I know I will feel better in a couple of days, but will I go through this cycle of depression ad nauseam? That thought is utterly soul crushing right now."
p023,depression,high,191,depression_post_features_tfidf_256.csv,"I'm so ashamed of being depressed I'm always convinced that even acknowledging my issues or things that have happened to me in the past is somehow ""playing the victim"" and I need to be ashamed of it and never bring any of it up. Whenever I do mention any of it I'm so nervous and it makes me extremely uncomfortable. Usually if I bring it up I'm drunk. I guess I always just want someone to tell me that I'm allowed to feel sad, and that I've gone through some shitty stuff. I don't know why I want that validation, and it makes me disgusted with myself that I'm really that person who seeks attention like that. I tried to kill myself in October, and I only told one person and they asked me if I did it for attention from them. Its just made me so ashamed, and disgusted at myself. I can't tell anyone anything, or I'm terrified that they think I want them to see me as a victim. I'm so alone. I guess I'm finally learning that this is truly my burden to bear and mine alone."
p024,anxiety,moderate,101,anxiety_post_features_tfidf_256.csv,Anixety has been destroying my life Ever since the holidays anixety has completely taken over my life. I dont go to work because I constantly feel anxious. Going out to even do groceries is a struggle. I dont go to the gym anymore either. However I did start therapy last week and I was able to do groceries on my own without anyone coming with me. I hope that therapy will help me control this and that I can get back to work and my normal life. I guess I wish there was a quick fix to this. Thanks for reading.
p025,depression,elevated,31,depression_post_features_tfidf_256.csv,Funniest shit ever Don’t u hate when ppl accidentally cut themselves Nd act like it hurts Nd make it a big deal like bitch stfu my wrists look like barcodes 💀💀
p026,suicidewatch,high,302,suicidewatch_post_features_tfidf_256.csv,"Without a stable living situation and losing hope Just over a week ago I left a really shitty situation with parents who have treated me pretty awfully for years and I am finally free - however, I'm homeless. I have been staying with friends and I spend some time in crisis accommodation provided by my psychologist after I finally opened up to her about everything they have been doing to me, and it's just been really hard. I'm having trouble getting the legal documents I need to secure a stable living situation, in my country so much of that is reliant on parental confirmation even though I am a legal adult, and I met up with my mum today to try and talk things out with her but I got brutalised and put down and just made to feel really worthless all over again. She couldn't even not be cruel to me after meeting for just one day after not seeing eachother for awhile, so I have decided to go no contact. I feel really helpless. I feel like the systems in place quite literally fuck you over if you have abusive families, needing their birth certificates to verify things. I feel like it has been made near impossible for me to live independently without them but I know I can never go back because they have put me through so much trauma and so many things I know to not be okay and they have no remorse, and I'm never going to put up with that ever again. I really don't want to go on anymore, I feel so weak, I have been trying so hard to get everything in order for 10 days straight and it has amounted to nothing, and I really feel like I have no other choice,"
p027,depression,moderate,103,depression_post_features_tfidf_256.csv,"Hii bitchkis Hey I hope y'all doin good, I'm fucked. I'm well past the psychopath border, I'm a fucking emotional mess, why do we lose everyone we know? For years I've been heading down a road to self destruction, a dead end. I feel like I'm nearly there, the end, hahaha haha hehe. I used to be a crybaby then I realized how embarrassing it was so I cry in bed before sleeping. I fucking love it how everyone thinks I'm the man even though Im barely clinging to my sanity. It gets harder to show the people around me that I'm fine."
p028,depression,moderate,125,depression_post_features_tfidf_256.csv,"Inability of genuine interest I don't know if this is depression or not but I am completely and utterly unable to take interest in things. I can enjoy doing things but never out of interest. It's always about fulfilling somebody's expectations, feeling of superiority, gaining respect, proving my worth etc. and these certainly feel good. I never do things just cause I enjoy them. I have no topic I am truly interested in. I don't want to read or find out new information because nothing interests me. And the weird thing is that it never did. I don't remember having a hobby just out of pure interest. I don't have a passion, a dream job, or even a fucking interest. What is wrong with me?"
p029,depression,high,143,depression_post_features_tfidf_256.csv,"Sometimes I just don’t want to be here As the title says, sometimes I just don’t want to do this anymore. I’m not in any particularly bad situations in life (which makes me feel bad for feeling this way to start with). Everything will be good for a while and I’ll be good, just living my life, and occasionally I just crash. I’ll be really sad (on the inside, while I go about my way on the outside) and while a lot of times music, or staying busy helps, other times I just get so sad and anxious that I just don’t want to really be here feeling like this. I’ve never been to a doctor or therapist about anything so nothing is diagnosed. But it worries me when when I start thinking about suicide, and makes me think I should seek help."
p030,depression,elevated,85,depression_post_features_tfidf_256.csv,"Buyer's remorse problems So whenever I buy something that cost over $100. Like a phone for example: I fear that it will break down on me so I don't even use it and i'm even willing to sell it a week or two after purchase with a massive loss(10% of it's original price), I just dont want to own it anymore. If I buy more food than usual, I feel like I wasted the money when I check my wallet and it just gets worse."
